model_split,AUC,KS,Gini,Brier,base_rate,n_obs
Scorecard - Val,0.7008,0.2921,0.4017,0.16243,0.2313,169321
Scorecard - Test,0.6932,0.2839,0.3864,0.12829,0.1576,56318
XGBoost   - Val,0.7158,0.3118,0.4316,0.15951,0.2313,169321
XGBoost   - Test,0.713,0.3139,0.426,0.12577,0.1576,56318
